Disciplina,Turma,Docente,Tipo,Situação,Horário,Local
ADMINISTRAÇÃO DE SISTEMAS OPERACIONAIS DE REDES,02A,TAREK SAYJARI,REGULAR,ABERTA,TER 08:00-10:00 / SEX 08:00-10:00,SALA 03
ÁLGEBRA LINEAR E GEOMETRIA ANALÍTICA,01A,JOSE LEONARDO ESTEVES DA SILVA,REGULAR,ABERTA,QUI 15:30-17:30 / SEX 15:30-17:30,SALA 02
ANÁLISE DE REGRESSÃO I,01A,HITALO JOSEFERSON BATISTA NASCIMENTO,REGULAR,ABERTA,SEG 15:30-17:30 / QUA 13:30-15:30,SALA 03
ANÁLISE E PROJETO DE SISTEMAS,01A,ANDERSON GONCALVES UCHOA,REGULAR,ABERTA,TER 15:30-17:30 / QUA 15:30-17:30,SALA 07
APRENDIZADO PROFUNDO,01A,JULIO CESAR SANTOS DOS ANJOS,REGULAR,ABERTA,SEG 13:30-15:30 / TER 13:30-15:30,SALA 06
DESENVOLVIMENTO DE JOGOS DIGITAIS,02A,ARTUR DE OLIVEIRA DA ROCHA FRANCO,REGULAR,ABERTA,QUI 08:00-10:00 / SEX 10:00-12:00,SALA 07
DESENVOLVIMENTO DE SISTEMAS,02A,RENATA VIEIRA RIOS,REGULAR,ABERTA,SEG 10:00-12:00 / QUI 08:00-10:00,SALA 02
EMPREENDEDORISMO E INOVAÇÃO EM TIC,02A,RENATA VIEIRA RIOS,REGULAR,ABERTA,SEG 08:00-10:00 / TER 08:00-10:00,SALA 15
ENGENHARIA DE SOFTWARE I,02A,ANDERSON GONCALVES UCHOA,REGULAR,ABERTA,SEG 08:00-10:00 / QUA 10:00-12:00,SALA 06
ENGENHARIA DE SOFTWARE II,02A,ALDISIO GONCALVES MEDEIROS,REGULAR,ABERTA,QUI 08:00-10:00 / SEX 10:00-12:00,SALA 15
ESTRUTURA DE DADOS,01A,TAREK SAYJARI,REGULAR,ABERTA,TER 10:00-12:00 / QUA 08:00-10:00,SALA 02
ESTRUTURAS DE DADOS I,03A,ALDISIO GONCALVES MEDEIROS,REGULAR,ABERTA,QUI 10:00-12:00 / SEX 08:00-10:00,SALA 06
ÉTICA E LEGISLAÇÃO EM TIC,02A,RENATA VIEIRA RIOS,REGULAR,ABERTA,TER 10:00-12:00 / QUI 10:00-12:00,SALA 16
FUNÇÃO EM VÁRIAS VARIÁVEIS,02A,JOSE LEONARDO ESTEVES DA SILVA,REGULAR,ABERTA,QUA 15:30-17:30 / QUI 13:30-15:30,SALA 02
FUNDAMENTOS DE REDES DE COMPUTADORES,01A,AMINADABE BARBOSA DE SOUSA,REGULAR,ABERTA,TER 08:00-10:00 / QUA 10:00-12:00,SALA 02
FUNDAMENTOS DE REDES DE COMPUTADORES,02A,AMINADABE BARBOSA DE SOUSA,REGULAR,ABERTA,SEG 10:00-12:00 / TER 10:00-12:00,SALA 06
GOVERNANÇA DE TIC,01A,GERMANO FENNER,REGULAR,ABERTA,QUA 10:00-12:00 / SEX 08:00-10:00,SALA 16
INTELIGÊNCIA ARTIFICIAL,02A,SOLON ALVES PEIXOTO,REGULAR,ABERTA,QUA 10:00-12:00 / SEX 08:00-10:00,SALA 15
INTERNET DAS COISAS (IOT),02A,ISRAEL EDUARDO DE BARROS FILHO,REGULAR,ABERTA,TER 10:00-12:00 / QUI 10:00-12:00,SALA 15
INTRODUÇÃO À ANÁLISE DE SÉRIES TEMPORAIS,02A,EDUARDO DE MELO MAPURUNGA,REGULAR,ABERTA,QUI 15:30-17:30 / SEX 15:30-17:30,SALA 06
INTRODUÇÃO À SEGURANÇA DA INFORMAÇÃO,02A,ISRAEL EDUARDO DE BARROS FILHO,REGULAR,ABERTA,TER 08:00-10:00 / QUA 08:00-10:00,SALA 07
LABORATÓRIO DE CIÊNCIA DE DADOS,01A,ALYSON BEZERRA NOGUEIRA RIBEIRO,REGULAR,ABERTA,SEG 13:30-15:30 / TER 13:30-15:30,SALA 03
METODOLOGIA DA PESQUISA CIENTÍFICA,02A,LARISSE CRUZ LUCAS,REGULAR,ABERTA,TER 08:00-10:00 / QUI 08:00-10:00,SALA 06
MÉTODOS NUMÉRICOS,01A,EDUARDO DE MELO MAPURUNGA,REGULAR,ABERTA,QUA 15:30-17:30 / QUI 13:30-15:30,SALA 03
PRINCÍPIOS DE SEGURANÇA DA INFORMAÇÃO,02A,LARISSE CRUZ LUCAS,REGULAR,ABERTA,SEG 08:00-10:00 / SEX 08:00-10:00,SALA 02
PROBABILIDADE E ESTATÍSTICA,01A,EDUARDO DE MELO MAPURUNGA,REGULAR,ABERTA,QUI 10:00-12:00 / SEX 10:00-12:00,SALA 02
PROBABILIDADE E ESTATÍSTICA,01A,PEDRO HENRIQUE FEIJO DE SOUSA,REGULAR,ABERTA,SEG 15:30-17:30 / TER 15:30-17:30,SALA 02
PROCESSAMENTO DE LINGUAGEM NATURAL E SISTEMAS DE RI,01A,ALYSON BEZERRA NOGUEIRA RIBEIRO,REGULAR,ABERTA,SEG 15:30-17:30 / QUA 15:30-17:30,SALA 06
PROGRAMAÇÃO ORIENTADA A OBJETOS,01A,ANDERSON GONCALVES UCHOA,REGULAR,ABERTA,SEG 13:30-15:30 / TER 13:30-15:30,SALA 02
PROGRAMAÇÃO WEB,01A,ALDISIO GONCALVES MEDEIROS,REGULAR,ABERTA,QUA 13:30-15:30 / QUI 13:30-15:30,SALA 07
PROJETO INTEGRADOR I,01A,ARTUR DE OLIVEIRA DA ROCHA FRANCO,REGULAR,ABERTA,TER 15:30-17:30 / SEX 15:30-17:30,SALA 03
PROJETO INTEGRADOR II,02A,LARISSE CRUZ LUCAS,REGULAR,ABERTA,SEG 10:00-12:00 / SEX 10:00-12:00,SALA 03
PROJETO INTEGRADOR III,01A,ALYSON BEZERRA NOGUEIRA RIBEIRO,REGULAR,ABERTA,TER 15:30-17:30 / QUI 13:30-15:30,SALA 06
REDES NEURAIS ARTIFICIAIS,02A,SOLON ALVES PEIXOTO,REGULAR,ABERTA,QUI 15:30-17:30 / SEX 13:30-15:30,SALA 03
SEGURANÇA EM SISTEMAS OPERACIONAIS E REDES DE COMPUTADORES,02A,LARISSE CRUZ LUCAS,REGULAR,ABERTA,TER 10:00-12:00 / QUI 10:00-12:00,SALA 03
SIMULAÇÃO DE REDES,02A,JULIO CESAR SANTOS DOS ANJOS,REGULAR,ABERTA,TER 08:00-10:00,SALA 16
SISTEMAS DISTRIBUÍDOS,02A,JUAN SEBASTIAN TOQUICA ARENAS,REGULAR,ABERTA,QUI 10:00-12:00 / SEX 08:00-10:00,SALA 07
SISTEMAS EMBARCADOS,02A,PEDRO HENRIQUE FEIJÓ DE SOUSA,REGULAR,ABERTA,SEG 08:00-10:00 / QUI 10:00-12:00,SALA 07
TESTES DE SOFTWARE,02A,ÍTALO LINHARES DE ARAUJO,REGULAR,ABERTA,SEG 10:00-12:00 / SEX 10:00-12:00,SALA 07
TÓPICOS AVANÇADOS EM PERÍCIA FORENSE PARA TI I,01A,SOLON ALVES PEIXOTO,REGULAR,ABERTA,QUI 08:00-10:00 / SEX 08:00-10:00,SALA 16
TÓPICOS AVANÇADOS EM PERÍCIA FORENSE PARA TI II,02A,JULIO CESAR SANTOS DOS ANJOS,REGULAR,ABERTA,QUA 08:00-10:00 / SEX 10:00-12:00,SALA 16
TÓPICOS AVANÇADOS EM SEGURANÇA DA INFORMAÇÃO II,01A,AMINADABE BARBOSA DE SOUSA,REGULAR,ABERTA,SEG 08:00-10:00 / QUA 08:00-10:00,SALA 03
